{"a7.1.30":{"v":8,"u":""},"a7.1.40":{"v":8,"u":""},"a7.1.50":{"v":6,"u":""},"a7.1.60":{"v":5,"u":""},"a7.1.70":{"v":5,"u":""},"a7.1.70.2":{"v":4,"u":""},"a7.1.80":{"v":5,"u":""},"a7.1.90":{"v":5,"u":""},"a7.2.10":{"v":4,"u":""},"a7.2.20":{"v":4,"u":""},"a7.2.30":{"v":4,"u":""},"a7.2.40":{"v":4,"u":""},"a7.2.50":{"v":4,"u":""},"a7.2.60":{"v":4,"u":""},"a7.2.70":{"v":4,"u":""},"a7.2.80":{"v":4,"u":""},"a7.2.90":{"v":4,"u":""},"a7.3.10":{"v":4,"u":""},"a7.3.20":{"v":4,"u":""},"a7.3.30":{"v":4,"u":""},"a7.3.40":{"v":4,"u":""},"a7.3.40.1":{"v":3,"u":""},"a":{"v":1},"a7.3.50":{"v":3,"u":""},"a7.3.70":{"v":3,"u":""},"a7.3.71":{"v":3,"u":""},"a7.3.80":{"v":3,"u":""},"a7.3.90":{"v":3,"u":""},"a7.3.91":{"v":3,"u":""},"a7.3.92":{"v":3,"u":""},"a7.4.10":{"v":1,"u":""},"a7.4.20":{"v":1,"u":""}}