{
  "a7.1.30": {
    "v": 5,
    "u": ""
  },
  "a7.1.40": {
    "v": 5,
    "u": ""
  },
  "a7.1.50": {
    "v": 3,
    "u": ""
  },
  "a7.1.60": {
    "v": 2,
    "u": ""
  },
  "a7.1.70": {
    "v": 2,
    "u": ""
  },
  "a7.1.70.2": {
    "v": 1,
    "u": ""
  },
  "a7.1.80": {
    "v": 2,
    "u": ""
  },
  "a7.1.90": {
    "v": 1,
    "u": ""
  },
  "a7.2.10": {
    "v": 1,
    "u": ""
  },
  "a7.2.20": {
    "v": 1,
    "u": ""
  },
  "a7.2.30": {
    "v": 1,
    "u": ""
  },
  "a7.2.40": {
    "v": 1,
    "u": ""
  },
  "a7.2.50": {
    "v": 1,
    "u": ""
  },
  "a7.2.60": {
    "v": 1,
    "u": ""
  },
  "a7.2.70": {
    "v": 1,
    "u": ""
  }
}